{
    "dataset": "Chest X-Ray Images (Pneumonia) (Kaggle)",
    "seed": 42,
    "fast_mode": false,
    "model": "ResNet",
    "mean": [
        0.485,
        0.456,
        0.406
    ],
    "std": [
        0.229,
        0.224,
        0.225
    ],
    "num_classes": 2,
    "optimizer": "AdamW",
    "epochs": 7,
    "lr": [
        0.001,
        0.001,
        0.001
    ],
    "val_accuracy": 0.8012820512820513,
    "val_loss": 0.47701368929866034,
    "precision": 0.7638888888888888,
    "recall": 0.9897435897435898,
    "f1": 0.8612975391498882,
    "roc_auc": 0.9474139820293667,
    "transforms": {
        "resnet": "ResNet18_Weights.IMAGENET1K_V1"
    },
    "n_train": 5216,
    "n_val": 16,
    "n_test": 624
}