experiment_id,dataset,seed,model_summary,optimizer,lr,momentum,weight_decay,epochs_trained,best_val_accuracy,best_val_loss
E1,CIFAR10,42,256-128 relu no_dropout no_bn,Adam,0.001,0,0.0,20,0.5300557324840764,1.38393358174403
E2,CIFAR10,42,256-128 relu dropout0.3 no_bn,Adam,0.001,0,0.0,20,0.5292595541401274,1.343635866216793
E3,CIFAR10,42,256-128 relu no_dropout batchnorm,Adam,0.001,0,0.0,20,0.5540406050955414,1.3000992035410206
E4,CIFAR10,42,256-128 relu no_dropout batchnorm,Adam,0.001,0,0.0,17,0.5540406050955414,1.3000992035410206
O1,CIFAR10,42,256-128 relu batchnorm,adam,0.1,0,0.0,6,0.4674562101910828,1.5201545520952553
O2,CIFAR10,42,256-128 relu batchnorm,adam,1e-05,0,0.0,6,0.47283041401273884,1.5628669094887508
O3,CIFAR10,42,256-128 relu batchnorm,sgd,0.1,0.9,0.0001,15,0.5403065286624203,1.3433223784349526
